key,time_s,trigger,points,center_step_m,disk_overlap_fraction,shared_previous_points,fraction_current_from_previous,fraction_previous_retained,point_jaccard,figure
0,10.018617533,snapshot_interval,8352,,,,,,,submaps/000.png
1,20.122624539,snapshot_interval,41357,1.6359440867374466,0.9869817974342291,8352,0.20194888410668085,1.0,0.20194888410668085,submaps/001.png
2,30.138637684,snapshot_interval,56254,2.0776968301931835,0.9834666786440482,41352,0.7350943932875884,0.9998791014822158,0.735029062016744,submaps/002.png
3,40.202648543,snapshot_interval,63785,3.9013469476738942,0.9689571441013433,56254,0.8819314885944971,1.0,0.8819314885944971,submaps/003.png
4,50.250655554,snapshot_interval,81377,15.065211601645567,0.880292234824428,63785,0.7838209813583691,1.0,0.7838209813583691,submaps/004.png
5,60.394666575,snapshot_interval,115295,12.971507704540713,0.8968892091800915,81297,0.7051216444772106,0.999016921243103,0.7046327193932828,submaps/005.png
6,70.26667466,displacement,152368,20.189476570648626,0.8397646320911801,112482,0.738225874199307,0.975601717333796,0.7248438919713109,submaps/006.png
7,78.482683562,displacement,177223,20.10876883462198,0.8404017707936354,137636,0.7766260586944133,0.9033130316076866,0.717022218749186,submaps/007.png
8,88.530693673,snapshot_interval,201761,16.79421175444582,0.8666017181841346,157575,0.7809983098814934,0.8891340288788702,0.7116919366421419,submaps/008.png
9,98.626706503,snapshot_interval,208369,16.39896426012224,0.8697300301969296,176280,0.8459991649429618,0.8737070097788968,0.7538165490699166,submaps/009.png
10,107.298713587,displacement,204887,20.04756689808587,0.8408849503915733,178720,0.8722856989462484,0.8577091601917751,0.7620152130163387,submaps/010.png
11,114.810716532,displacement,202625,20.59261336218297,0.8365827315898039,174040,0.8589265885256014,0.8494438397750955,0.7454427083333334,submaps/011.png
12,124.826727532,snapshot_interval,209250,16.153685450767927,0.8716717711480811,167973,0.8027383512544802,0.8289845774213449,0.6886905396429713,submaps/012.png
13,132.650736712,displacement,197925,20.307727676122294,0.8388311856902383,164064,0.8289200454717696,0.7840573476702509,0.6748522279946197,submaps/013.png
14,138.71474161,displacement,185661,20.217532294601384,0.8395431587839001,153254,0.8254506870048098,0.7743033977516736,0.6653613045516906,submaps/014.png
15,144.73074951,displacement,175092,20.11577992486338,0.8403464208516369,146068,0.834235716080689,0.7867457355071878,0.6803828865547197,submaps/015.png
16,150.322752617,displacement,163273,20.226154028898417,0.839475099377619,134290,0.8224874902770207,0.7669682224202133,0.6580423863775573,submaps/016.png
17,155.658762596,displacement,159158,20.170152380515738,0.8399171811244144,126359,0.7939217632792571,0.7739124043779437,0.6444520380268473,submaps/017.png
18,165.67476549,snapshot_interval,166395,16.249686103436527,0.870911748981009,131905,0.792722137083446,0.828767639703942,0.6811585970420557,submaps/018.png
19,173.114776514,displacement,164045,20.140660874696888,0.8401499975359118,131100,0.7991709591880277,0.7878842513296673,0.6576703120296981,submaps/019.png
20,183.178783558,snapshot_interval,175385,18.963203196812778,0.8494496640560717,140862,0.8031587650027083,0.8586790210003352,0.7093892268643487,submaps/020.png
21,191.922795676,displacement,192577,20.095505347063174,0.8405064819271094,161954,0.8409830872845667,0.9234199047809105,0.7861539357694847,submaps/021.png
22,199.578798674,displacement,209534,20.18200032082599,0.8398236508269072,170950,0.8158580469040824,0.8876968693042263,0.7395278615337362,submaps/022.png
23,207.61081066,displacement,216453,20.06192555943427,0.8407715889187375,170693,0.7885915187130693,0.8146315156490116,0.6686134417573464,submaps/023.png
24,215.746818684,displacement,221374,20.083692302485332,0.8405997431943313,170408,0.7697742282291506,0.7872748356456136,0.6372322086313986,submaps/024.png
25,223.354822539,displacement,223758,20.10541530048521,0.8404282458041317,180074,0.804771226056722,0.813437892435426,0.6793758347229663,submaps/025.png
26,232.450835608,displacement,227156,20.103392286008827,0.8404442168490674,178864,0.7874060117276233,0.7993635981730263,0.6574673773203455,submaps/026.png
27,240.32283964,displacement,247228,20.113639852088404,0.8403633158950031,187444,0.7581827301114761,0.8251774111183504,0.6532515508468669,submaps/027.png
28,250.362855576,snapshot_interval,293481,18.38808015549478,0.8539950615332944,215618,0.73469151324958,0.8721423139773812,0.6632542887991363,submaps/028.png
29,260.426860712,snapshot_interval,325234,16.98160107178702,0.8651188512011352,259940,0.7992399318644422,0.8857132148248098,0.7245209393073654,submaps/029.png
30,270.458868645,snapshot_interval,325428,16.151392662881,0.8716899233613734,284796,0.8751428887495851,0.8756649058831487,0.7784161414288291,submaps/030.png
31,280.514879607,snapshot_interval,329841,0.849388519659856,0.9932408126727904,324140,0.9827159146376587,0.9960421352803078,0.9788934222010153,submaps/031.png
32,290.610893629,snapshot_interval,330762,0.20355528290486152,0.9983801589636255,329363,0.9957703726546581,0.998550816908753,0.9943334138389084,submaps/032.png
33,295.106893681,shutdown,330913,0.10561375314844428,0.9991595525174293,330641,0.9991780316880872,0.9996341780494736,0.9988128107686823,submaps/033.png
