request,iteration,requester_agent_id,include_agent_keys,explicit_key_count,compact_key_bytes,resolved_key_count,returned_belief_count,marginalization_graph,lock_wait_ms,prepare_request_ms,get_beliefs_ms,pack_response_ms,callback_ms
1,1,99,1,0,0,4,4,local,66.409954,8.255576,0.150333,0.002346,74.818209
2,2,99,1,1,6,6,4,local,0.000072,8.644940,0.099344,0.002026,8.746382
3,3,99,1,1,6,6,0,local,0.000156,9.630343,0.175836,0.000034,9.806369
4,4,99,1,1,6,6,0,local,0.000150,10.390319,0.128641,0.000042,10.519152
5,5,99,1,1,6,6,0,local,0.000052,9.269219,0.127073,0.000042,9.396386
6,6,99,1,1,6,6,0,local,0.000258,10.847512,0.607341,0.000042,11.455153
7,7,99,1,1,6,6,0,local,0.000069,8.412688,0.124498,0.000038,8.537293
8,8,99,1,1,6,6,0,local,0.000058,8.247877,0.115799,0.000041,8.363775
9,9,99,1,1,6,6,0,local,0.000058,12.371412,0.126678,0.000031,12.498179
10,10,99,0,0,0,4,1,global,0.000062,11.225187,0.060416,0.001040,11.286705
11,11,99,0,0,0,4,1,global,0.000203,10.357636,0.067582,0.001301,10.426722
12,12,99,0,0,0,4,0,global,0.000067,8.540279,0.062090,0.000030,8.602466
13,13,99,0,0,0,4,0,global,0.000076,8.118148,0.063924,0.000034,8.182182
14,14,99,0,0,0,4,0,global,0.000236,8.326823,0.068784,0.000037,8.395880
15,15,99,0,0,0,4,0,global,0.000145,10.631256,0.068647,0.000031,10.700079
16,16,99,0,0,0,4,0,global,0.000153,8.427558,0.068037,0.000031,8.495779
17,17,99,0,0,0,4,0,global,0.000161,8.439157,0.072776,0.000031,8.512125
18,18,99,0,0,0,4,0,global,0.000252,11.276692,0.073363,0.000030,11.350337
19,19,99,0,0,0,4,0,global,0.000071,8.261486,0.060487,0.000031,8.322075
20,20,99,1,1,6,6,0,local,0.000271,8.476301,0.134833,0.000029,8.611434
21,21,99,1,1,6,6,0,local,0.000176,9.449603,0.151421,0.000034,9.601234
22,22,99,1,1,6,6,0,local,0.000162,11.205072,0.363890,0.000038,11.569162
23,23,99,1,1,6,6,0,local,0.000146,10.539066,0.122626,0.000031,10.661869
24,24,99,1,1,6,6,0,local,0.000172,10.109599,0.349308,0.000038,10.459117
25,25,99,1,1,6,6,0,local,0.000166,10.921473,0.143431,0.000030,11.065100
26,26,99,1,1,6,6,0,local,0.000160,11.448772,0.133346,0.000030,11.582308
27,27,99,1,1,6,6,0,local,0.000060,8.324383,0.133670,0.000031,8.458144
28,28,99,1,1,6,6,0,local,0.000115,8.221448,0.116315,0.000029,8.337907
29,29,99,1,1,6,6,0,local,0.000271,9.919509,0.362608,0.000036,10.282424
30,30,99,0,0,0,4,0,global,0.000283,9.668583,0.074605,0.000030,9.743501
31,31,99,0,0,0,4,0,global,0.000168,8.552728,0.074356,0.000032,8.627284
32,32,99,0,0,0,4,0,global,0.000051,8.444170,0.066011,0.000031,8.510263
33,33,99,0,0,0,4,0,global,0.000183,8.430029,0.071890,0.000029,8.502131
34,34,99,0,0,0,4,0,global,0.000155,10.295494,0.064299,0.000028,10.359976
35,35,99,0,0,0,4,0,global,0.000230,10.746871,0.069860,0.000030,10.816991
36,36,99,0,0,0,4,0,global,0.000166,8.571997,0.079152,0.000032,8.651347
37,37,99,0,0,0,4,0,global,0.000158,9.237689,0.069337,0.000030,9.307214
38,38,99,0,0,0,4,0,global,0.000059,10.872630,0.503391,0.000045,11.376125
39,39,99,0,0,0,4,0,global,0.000104,10.736174,0.067502,0.000032,10.803812
40,40,99,1,1,6,6,0,local,0.000411,9.355734,3.918000,0.000034,13.274179
41,41,99,1,1,6,6,0,local,0.000209,11.141386,0.369741,0.000033,11.511369
42,42,99,1,1,6,6,0,local,0.000168,8.660978,0.142384,0.000031,8.803561
43,43,99,1,1,6,6,0,local,0.000187,10.492121,0.250652,0.000045,10.743005
44,44,99,1,1,6,6,0,local,0.000217,8.477383,0.132220,0.000029,8.609849
45,45,99,1,1,6,6,0,local,0.000060,8.896686,0.151391,0.000041,9.048178
46,46,99,1,1,6,6,0,local,0.000140,9.199281,0.129006,0.000031,9.328458
47,47,99,1,1,6,6,0,local,0.000245,8.957712,0.213492,0.000031,9.171480
48,48,99,1,1,6,6,0,local,0.000153,10.721328,0.138709,0.000034,10.860224
49,49,99,1,1,6,6,0,local,0.000379,10.154179,0.228585,0.000030,10.383173
50,50,99,0,0,0,4,0,global,0.000084,10.828685,0.061049,0.000031,10.889849
51,51,99,0,0,0,4,0,global,0.000274,11.038593,0.079229,0.000030,11.118126
52,52,99,0,0,0,4,0,global,0.000166,8.584514,0.074070,0.000031,8.658781
53,53,99,0,0,0,4,0,global,0.000148,13.082440,0.080390,0.000038,13.163016
54,54,99,0,0,0,4,0,global,0.000068,10.415820,0.069927,0.000030,10.485845
55,55,99,0,0,0,4,0,global,0.000083,10.953380,0.067055,0.000047,11.020565
56,56,99,0,0,0,4,0,global,0.000161,11.557868,0.065414,0.000038,11.623481
57,57,99,0,0,0,4,0,global,0.000198,11.369744,0.079537,0.000030,11.449509
58,58,99,0,0,0,4,0,global,0.000395,11.219021,0.079057,0.000036,11.298509
59,59,99,0,0,0,4,0,global,0.000157,9.737240,0.077172,0.000032,9.814601
60,60,99,1,1,6,6,0,local,0.000163,9.098838,0.157561,0.000045,9.256607
61,61,99,1,1,6,6,0,local,0.000241,8.708490,0.142429,0.000033,8.851193
62,62,99,1,1,6,6,0,local,0.000059,10.250040,0.145571,0.000044,10.395714
63,63,99,1,1,6,6,0,local,0.000427,8.824315,0.138208,0.000031,8.962981
64,64,99,1,1,6,6,0,local,0.000061,8.208623,0.139589,0.000033,8.348306
65,65,99,1,1,6,6,0,local,0.000046,9.509425,0.126773,0.000037,9.636281
66,66,99,1,1,6,6,0,local,0.000157,8.494739,0.139764,0.000030,8.634690
67,67,99,1,1,6,6,0,local,0.000330,9.606962,0.144103,0.000030,9.751425
68,68,99,1,1,6,6,0,local,0.000149,11.148640,0.125292,0.000035,11.274116
69,69,99,1,1,6,6,0,local,0.000160,9.424075,0.138169,0.000030,9.562434
70,70,99,0,0,0,4,0,global,0.000143,9.592115,0.072462,0.000029,9.664749
71,71,99,0,0,0,4,0,global,0.000268,8.775396,0.074183,0.000031,8.849878
72,72,99,0,0,0,4,0,global,0.000284,8.327528,0.070768,0.000030,8.398610
73,73,99,0,0,0,4,0,global,0.000156,9.279387,0.076135,0.000030,9.355708
74,74,99,0,0,0,4,0,global,0.000251,11.259665,0.069402,0.000030,11.329348
75,75,99,0,0,0,4,0,global,0.000188,12.233289,0.090277,0.000030,12.323784
76,76,99,0,0,0,4,0,global,0.000069,11.154846,0.059506,0.000033,11.214454
77,77,99,0,0,0,4,0,global,0.000068,8.991208,0.056757,0.000032,9.048065
78,78,99,0,0,0,4,0,global,0.000051,8.108835,0.062325,0.000028,8.171239
79,79,99,0,0,0,4,0,global,0.000256,9.158531,0.079270,0.000031,9.238088
80,80,99,1,1,6,6,0,local,0.000060,8.287667,0.123431,0.000029,8.411187
81,81,99,1,1,6,6,0,local,0.000153,9.043791,0.132739,0.000030,9.176713
82,82,99,1,1,6,6,0,local,0.000204,11.813074,0.145141,0.000035,11.958454
83,83,99,1,1,6,6,0,local,0.000226,8.310426,0.136788,0.000033,8.447473
84,84,99,1,1,6,6,0,local,0.000177,8.596644,0.150663,0.000031,8.747515
85,85,99,1,1,6,6,0,local,0.000065,8.322846,0.129534,0.000030,8.452475
86,86,99,1,1,6,6,0,local,0.000150,8.969922,0.129151,0.000030,9.099253
87,87,99,1,1,6,6,0,local,0.000186,8.656658,0.148253,0.000038,8.805135
88,88,99,1,1,6,6,0,local,0.000166,9.533289,0.143342,0.000041,9.676838
89,89,99,1,1,6,6,0,local,0.000154,8.418422,0.129107,0.000029,8.547712
90,90,99,0,0,0,4,0,global,0.000324,13.561326,0.084371,0.000144,13.646165
91,91,99,0,0,0,4,0,global,0.000250,10.702848,0.070508,0.000030,10.773636
92,92,99,0,0,0,4,0,global,0.000183,10.532876,0.067898,0.000033,10.600990
93,93,99,0,0,0,4,0,global,0.000173,10.021501,0.279171,0.000033,10.300878
94,94,99,0,0,0,4,0,global,0.000258,11.467611,0.080010,0.000035,11.547914
95,95,99,0,0,0,4,0,global,0.000262,8.548212,0.072673,0.000031,8.621178
96,96,99,0,0,0,4,0,global,0.000198,9.222342,0.078471,0.000030,9.301041
97,97,99,0,0,0,4,0,global,0.000101,9.911536,0.065286,0.000031,9.976954
98,98,99,0,0,0,4,0,global,0.000173,8.900364,0.070469,0.000032,8.971038
99,99,99,0,0,0,4,0,global,0.000320,8.597636,0.074151,0.000031,8.672138
