query_robot,query_keyframe,candidate_robot,candidate_keyframe,accepted,reason,retrieval_sources,gt_distance_m,gt_within_10m,native_matches,native_inliers,rmse_m,overlap
Alpha,10,Bob,1,True,accepted,mapclosures,4.556445251653368,True,21,8,0.32486077950634723,0.35392149119342864
Alpha,12,Carol,1,True,accepted,mapclosures,7.294495928655075,True,22,10,0.3412799713734991,0.3515220700152207
Alpha,16,Bob,1,True,accepted,mapclosures,5.837604038850608,True,11,6,0.3230080129836349,0.3195233476513787
Alpha,19,Carol,4,True,accepted,mapclosures,11.906822126939462,False,14,6,0.34938994720630334,0.5364605244706212
Alpha,20,Bob,5,False,high_rmse,mapclosures,9.731822096946566,True,15,13,0.353048445540556,0.552461139896373
Alpha,24,Carol,9,False,high_rmse,mapclosures,18.632203806566014,False,19,11,0.3611959447986967,0.5093371347113329
Alpha,25,Bob,11,True,accepted,mapclosures,13.105396204692322,False,25,14,0.3499957892589832,0.6636109167249825
Alpha,28,Carol,15,True,accepted,mapclosures,25.785740917886976,False,15,6,0.3451639387374265,0.47659358946530644
Alpha,29,Bob,14,False,high_rmse,mapclosures,14.388684254343373,False,16,12,0.3509715427369261,0.6824169530355098
Alpha,29,Bob,15,True,accepted,megaloc+mapclosures,14.091511103106287,False,12,11,0.3452729341452052,0.6861397479954181
Alpha,34,Bob,13,False,high_rmse,mapclosures,17.398407612849677,False,9,6,0.35692399747120324,0.6311684628474191
Alpha,48,Carol,32,False,low_overlap,megaloc,37.15061746588686,False,11,7,0.3303601927911274,0.29938231042186886
Alpha,57,Bob,29,False,mapclosures_no_pose,megaloc,17.276986741554513,False,5,0,,
Alpha,62,Carol,32,False,mapclosures_no_pose,megaloc,38.725412319169024,False,4,3,,
Alpha,68,Bob,46,True,accepted,mapclosures,5.469828189028962,True,12,9,0.31462617695849066,0.6415489678721092
Alpha,70,Carol,19,False,mapclosures_no_pose,megaloc,40.5539436378562,False,10,4,,
Alpha,86,Carol,19,False,mapclosures_no_pose,megaloc,46.12217214383008,False,12,3,,
Alpha,116,Carol,80,False,mapclosures_no_pose,megaloc,20.41954434400605,False,7,5,,
Alpha,120,Carol,19,False,mapclosures_no_pose,megaloc,27.49760758953546,False,8,2,,
Alpha,121,Alpha,65,False,mapclosures_no_pose,megaloc,34.842750958254236,False,3,1,,
Alpha,124,Carol,34,False,mapclosures_no_pose,megaloc,19.12684236025943,False,5,0,,
Alpha,125,Alpha,71,False,mapclosures_no_pose,megaloc,33.887283445300106,False,9,2,,
Alpha,127,Carol,34,False,mapclosures_no_pose,megaloc,21.715402609134554,False,9,2,,
Alpha,128,Alpha,5,False,mapclosures_no_pose,megaloc,44.2012897980864,False,13,2,,
Alpha,130,Carol,166,False,mapclosures_no_pose,megaloc,30.36436724779827,False,11,5,,
Alpha,133,Alpha,65,False,mapclosures_no_pose,megaloc,44.453562516024725,False,8,2,,
Alpha,135,Carol,77,False,mapclosures_no_pose,megaloc,21.253649838231862,False,12,3,,
Alpha,139,Carol,123,False,mapclosures_no_pose,megaloc,20.09060859317662,False,12,5,,
Alpha,142,Carol,124,True,accepted,megaloc,17.844658566150546,False,7,6,0.31292415255054806,0.34138124649073553
Alpha,145,Carol,124,False,mapclosures_no_pose,megaloc,14.618537230095916,False,7,5,,
Alpha,148,Carol,124,False,mapclosures_no_pose,megaloc,11.911770439504092,False,7,4,,
Alpha,154,Carol,168,True,accepted,megaloc,14.715939122946088,False,6,6,0.33037505217431434,0.32516859651355134
Alpha,159,Carol,170,False,mapclosures_no_pose,megaloc,12.481100007012099,False,8,4,,
Alpha,164,Carol,126,True,accepted,megaloc,11.674838453424009,False,8,6,0.3312738187198279,0.39633598340822673
Alpha,169,Carol,127,False,mapclosures_no_pose,megaloc,9.410270178903124,True,6,4,,
Alpha,178,Carol,168,False,mapclosures_no_pose,megaloc,4.59717901931749,True,2,0,,
Alpha,183,Carol,174,True,accepted,mapclosures,7.315667078292897,True,7,6,0.32962205303426345,0.43952285618952286
Alpha,184,Carol,166,True,accepted,megaloc,7.12775057969078,True,12,9,0.32151170217782127,0.48326112642772745
Alpha,186,Alpha,119,False,mapclosures_no_pose,megaloc,36.28474485658714,False,6,3,,
Alpha,192,Carol,179,True,accepted,mapclosures,11.021985240324456,False,6,6,0.34477287951514596,0.4552555612158261
Alpha,194,Carol,177,True,accepted,megaloc,7.933375793543549,True,14,12,0.3445792666619272,0.45598326359832636
Alpha,201,Carol,182,True,accepted,mapclosures,11.266890027294188,False,7,7,0.32107916840641676,0.43798516474038296
Alpha,205,Bob,131,False,mapclosures_no_pose,megaloc,43.66034547284697,False,2,0,,
Alpha,210,Carol,214,True,accepted,mapclosures,13.17563985632072,False,8,7,0.3263974929894368,0.40286415711947626
Alpha,212,Carol,27,False,mapclosures_no_pose,megaloc,35.069041889978116,False,6,0,,
Alpha,219,Carol,178,True,accepted,mapclosures,10.417043112743537,False,7,6,0.3189963851479573,0.44363666750229797
Alpha,224,Carol,128,False,mapclosures_no_pose,megaloc,6.020580619989142,True,6,5,,
Alpha,230,Carol,124,False,mapclosures_no_pose,megaloc,6.7081158816311,True,5,5,,
Alpha,232,Carol,129,True,accepted,mapclosures,6.7671479056513775,True,6,6,0.3225507196784619,0.5127520363199359
Alpha,233,Bob,164,False,mapclosures_no_pose,megaloc,28.856175082342492,False,6,2,,
Alpha,234,Alpha,135,False,mapclosures_no_pose,megaloc,28.557057946218467,False,4,0,,
Alpha,237,Carol,167,True,accepted,megaloc,0.22899689878767238,True,15,11,0.3372487962585882,0.5231008153228938
Alpha,238,Carol,169,True,accepted,megaloc+mapclosures,0.7241409397895662,True,11,11,0.34184856471367503,0.4995151194569338
Alpha,239,Bob,164,False,mapclosures_no_pose,megaloc,31.919289284431105,False,7,2,,
Alpha,245,Carol,175,True,accepted,megaloc,0.9246496661615712,True,32,30,0.34017861189529924,0.4969253780953964
Alpha,246,Bob,184,True,accepted,mapclosures,15.219295442482952,False,7,6,0.33458509116228446,0.6484285009050519
Alpha,247,Carol,176,True,accepted,megaloc+mapclosures,0.8615561310037134,True,11,11,0.3371098451804871,0.49561586638830896
Alpha,250,Carol,177,True,accepted,megaloc+mapclosures,1.101864340082196,True,7,7,0.33853939399948213,0.4897907949790795
Alpha,251,Carol,168,False,not_converged,mapclosures,5.3433611171814,True,8,7,0.33455011811837704,0.5321287695635577
Alpha,253,Carol,180,True,accepted,megaloc+mapclosures,0.9149979978443838,True,8,8,0.3385631612058546,0.4900588787439201
Alpha,254,Carol,179,True,accepted,megaloc+mapclosures,3.007955432814487,True,7,7,0.34513157140294815,0.4698590592630328
Alpha,255,Bob,189,True,accepted,mapclosures,15.614915160667776,False,8,7,0.33936183268351666,0.6203761268262357
Alpha,260,Carol,296,False,mapclosures_no_pose,megaloc,13.713635314768531,False,13,5,,
Alpha,262,Carol,185,True,accepted,mapclosures,3.8662139906549218,True,8,8,0.34343481871859505,0.49346150515285353
Alpha,269,Bob,191,True,accepted,mapclosures,13.154923491256499,False,7,6,0.3319156306576714,0.6535209159619846
Alpha,269,Carol,152,True,accepted,megaloc,5.934703119732245,True,11,11,0.34566341795499816,0.5286354792318755
Alpha,270,Bob,185,False,mapclosures_no_pose,megaloc,10.947201996365765,False,4,2,,
Alpha,270,Carol,162,True,accepted,megaloc+mapclosures,5.15918120634725,True,8,8,0.3298317451379451,0.6138719107095403
Alpha,271,Alpha,130,False,mapclosures_no_pose,megaloc,34.1337447882226,False,3,0,,
Alpha,276,Bob,189,True,accepted,mapclosures,12.152634529109973,False,7,6,0.33396938536586146,0.6622559187468707
Alpha,276,Carol,149,True,accepted,megaloc,10.580281468639944,False,16,13,0.3424131347200607,0.5256704980842912
Alpha,277,Bob,184,False,mapclosures_no_pose,megaloc,12.904885173515947,False,9,3,,
Alpha,277,Carol,166,True,accepted,megaloc+mapclosures,4.993111269829018,True,13,13,0.33008852227092833,0.6063410791650256
Alpha,278,Alpha,182,True,accepted,megaloc,10.023987473143482,False,9,8,0.3116730898738827,0.6523661134864845
Alpha,279,Carol,164,True,accepted,megaloc+mapclosures,3.427961114375042,True,10,9,0.3327254077758567,0.605859479753285
Alpha,280,Bob,194,True,accepted,megaloc+mapclosures,13.478406156818275,False,11,10,0.3290540349034952,0.5890716261912081
Alpha,280,Bob,185,False,mapclosures_no_pose,megaloc,13.91552938584973,False,8,3,,
Alpha,281,Alpha,188,True,accepted,mapclosures,8.357950523784409,True,9,9,0.316277884003174,0.733756949960286
Alpha,281,Alpha,182,True,accepted,megaloc,7.4752851302307635,True,16,14,0.31397656543840696,0.687450357426529
Alpha,282,Carol,177,True,accepted,mapclosures,2.183570628092054,True,6,6,0.343653813787421,0.46619246861924685
Alpha,282,Carol,163,True,accepted,megaloc,4.32808018682219,True,17,15,0.3399466965202352,0.5259481037924152
Alpha,286,Alpha,197,True,accepted,mapclosures,3.086270644666692,True,10,10,0.28003988137148633,0.7715827338129496
Alpha,286,Bob,210,False,mapclosures_no_pose,megaloc,24.226925155948862,False,13,4,,
Alpha,287,Bob,193,True,accepted,mapclosures,10.425151264918638,False,8,7,0.3088193474394319,0.6463381057268722
Alpha,287,Carol,330,True,accepted,megaloc,6.315835490422943,True,11,7,0.3343959530246051,0.4405176260597947
Alpha,289,Carol,214,True,accepted,mapclosures,11.86284927830022,False,7,6,0.3303441845681252,0.41112929623567923
Alpha,290,Alpha,201,True,accepted,mapclosures,2.7639048919309728,True,16,16,0.2751509915017606,0.8456909520739307
Alpha,290,Alpha,210,True,accepted,megaloc+mapclosures,2.9918901115544627,True,14,14,0.2753048034280798,0.845782237086585
Alpha,291,Carol,330,True,accepted,megaloc,6.3973751359929345,True,14,10,0.32522301279248916,0.4539045069165551
Alpha,292,Bob,201,True,accepted,mapclosures,11.145965573467981,False,7,7,0.2938002590621232,0.6048948539438742
Alpha,293,Bob,204,False,mapclosures_no_pose,megaloc,12.814510357891793,False,9,5,,
Alpha,294,Carol,182,True,accepted,mapclosures,15.779610757746083,False,6,6,0.3250318039290233,0.40106951871657753
Alpha,295,Alpha,188,True,accepted,mapclosures,4.284466952894412,True,18,18,0.2809610790510065,0.8208924672489083
Alpha,295,Carol,161,True,accepted,megaloc,11.736384045240726,False,11,7,0.32008549997423597,0.419841932789308
Alpha,296,Bob,196,True,accepted,megaloc+mapclosures,5.936205935071596,True,9,7,0.2903441849220997,0.6550303393512623
Alpha,296,Bob,195,True,accepted,megaloc,6.255873106594253,True,13,10,0.2940930613163497,0.640357698289269
Alpha,297,Alpha,182,True,accepted,megaloc+mapclosures,4.449981494978482,True,11,11,0.2833156597504522,0.7942886966895317
Alpha,299,Alpha,186,True,accepted,mapclosures,5.185959236646263,True,12,11,0.28428479107504917,0.8196045552993781
Alpha,299,Carol,161,False,mapclosures_no_pose,megaloc,15.021771058711538,False,3,2,,
Alpha,300,Bob,199,True,accepted,megaloc,6.005049843128267,True,8,8,0.295293667701954,0.6884810432262738
Alpha,301,Bob,194,True,accepted,megaloc+mapclosures,9.333267948774502,True,6,6,0.3037817387781986,0.6470631805051478
Alpha,302,Alpha,182,True,accepted,megaloc,7.436445748444527,True,27,26,0.2717357226607752,0.7899642111541902
Alpha,304,Alpha,192,True,accepted,mapclosures,8.717798603065237,True,12,11,0.2972692036639045,0.765484759619657
Alpha,304,Carol,164,False,mapclosures_no_pose,megaloc,15.19706005588899,False,4,3,,
Alpha,307,Alpha,182,True,accepted,megaloc,9.982783178004368,True,8,7,0.29685628456286417,0.7622278556516552
Alpha,308,Bob,188,True,accepted,megaloc,19.138734081395874,False,13,9,0.32028507763272707,0.5039732003739482
Alpha,310,Carol,165,False,mapclosures_no_pose,megaloc,17.829915268137455,False,2,0,,
Alpha,313,Bob,201,False,mapclosures_no_pose,megaloc,9.963614647116541,True,6,5,,
Alpha,317,Carol,162,False,mapclosures_no_pose,megaloc,24.18320352198339,False,8,2,,
Alpha,319,Bob,195,False,mapclosures_no_pose,megaloc,18.71879823299984,False,4,2,,
Alpha,326,Bob,233,False,mapclosures_no_pose,megaloc,25.15357302968859,False,3,0,,
Alpha,328,Alpha,153,False,mapclosures_no_pose,megaloc,23.369289305383315,False,9,2,,
Alpha,331,Carol,168,False,mapclosures_no_pose,megaloc,30.663189579645778,False,2,0,,
Alpha,332,Bob,254,False,mapclosures_no_pose,megaloc,11.737736679087003,False,14,4,,
Alpha,333,Alpha,153,False,mapclosures_no_pose,megaloc,26.438688483078078,False,1,0,,
Alpha,335,Bob,259,True,accepted,megaloc,9.53803471148597,True,33,8,0.285574392970344,0.5274809160305344
Alpha,349,Bob,277,True,accepted,mapclosures,19.518737925457238,False,7,6,0.3052872416748996,0.49203382287494435
Alpha,353,Bob,270,True,accepted,mapclosures,17.18056190225591,False,7,6,0.3131566547095822,0.43085413063174366
Alpha,362,Carol,450,True,accepted,mapclosures,16.692289807280094,False,6,6,0.31610424902915574,0.3774108322324967
Alpha,369,Carol,450,True,accepted,mapclosures,15.002760094830537,False,13,12,0.3115616817520076,0.4082562747688243
Alpha,369,Carol,463,True,accepted,megaloc,19.30489798911496,False,28,21,0.3121412949360564,0.3668391229366839
Alpha,370,Bob,309,True,accepted,mapclosures,14.543692520189747,False,6,6,0.3034685191387173,0.5301944728761515
Alpha,371,Bob,267,True,accepted,megaloc,20.61446501004386,False,20,9,0.2908509011119241,0.4682296231375986
Alpha,373,Carol,458,True,accepted,mapclosures,14.305976829461148,False,6,6,0.3237870447528226,0.3671006121217346
Alpha,374,Bob,320,True,accepted,mapclosures,6.9440031372763045,True,7,7,0.3078670814197154,0.6695652173913044
Alpha,374,Carol,460,True,accepted,megaloc,14.619084902394741,False,15,8,0.32318903488729767,0.35096515417397844
Alpha,375,Bob,243,False,mapclosures_no_pose,megaloc,34.8463752993969,False,12,4,,
Alpha,378,Carol,470,True,accepted,mapclosures,13.187983627880618,False,12,8,0.3202671328556553,0.3483923483923484
Alpha,381,Bob,319,True,accepted,mapclosures,5.3904023401412955,True,11,8,0.2985025478473711,0.6963279857397504
Alpha,384,Bob,319,True,accepted,megaloc,4.389475241955757,True,21,16,0.2992503768111011,0.7083065953654188
Alpha,385,Carol,477,True,accepted,mapclosures,11.858925666140342,False,9,8,0.3247020522989787,0.3872832369942196
Alpha,386,Bob,319,True,accepted,mapclosures,3.188505125732138,True,11,11,0.2939602991065288,0.7623529411764706
Alpha,387,Bob,318,True,accepted,megaloc+mapclosures,2.739872967057186,True,12,10,0.2974254568983788,0.7584685560457638
Alpha,388,Carol,456,True,accepted,mapclosures,16.058887753091987,False,9,8,0.32002130812480606,0.4154331260401156
Alpha,389,Bob,319,True,accepted,megaloc+mapclosures,2.3469804735780824,True,10,9,0.3019106876895642,0.7724064171122995
Alpha,390,Alpha,343,True,accepted,mapclosures,18.24344093689274,False,13,6,0.28982343589253523,0.583501168130186
Alpha,390,Bob,321,True,accepted,megaloc+mapclosures,2.23810661903064,True,8,8,0.3080311805988284,0.7261467889908257
Alpha,391,Bob,321,True,accepted,megaloc+mapclosures,1.9786200953054467,True,21,21,0.312101088255682,0.6670642201834862
Alpha,392,Bob,325,True,accepted,megaloc,1.9239006354886645,True,27,22,0.2633712603056664,0.39549060542797493
Alpha,392,Carol,497,True,accepted,mapclosures,20.611717759378696,False,8,7,0.32848577919612754,0.3222114764667956
Alpha,393,Bob,322,True,accepted,megaloc+mapclosures,1.9808475686153428,True,17,12,0.3062233451205487,0.6675780208055482
Alpha,393,Bob,326,True,accepted,megaloc,1.9792897247220802,True,35,20,0.26885880830801584,0.4026905829596413
Alpha,394,Bob,323,True,accepted,megaloc+mapclosures,1.9820923637787378,True,11,10,0.29331219599039055,0.6594831362242664
Alpha,394,Bob,327,True,accepted,megaloc,1.9823760626289488,True,24,17,0.2822360321129337,0.4247464503042596
Alpha,395,Bob,320,False,high_rmse,mapclosures,3.0288512085211865,True,13,8,0.38212952512426057,0.3212482468443198
Alpha,395,Bob,328,True,accepted,megaloc,1.981568166229345,True,44,23,0.32713830623605744,0.5969844109378993
Alpha,396,Bob,329,True,accepted,megaloc,1.9808984176771758,True,23,18,0.329272661239899,0.5929994890137966
Alpha,397,Bob,318,False,high_rmse,mapclosures,3.9328374766225473,True,12,8,0.38007214725163996,0.3228595053747275
Alpha,397,Bob,329,True,accepted,megaloc,1.980729094645318,True,30,24,0.3351422961378311,0.5705160960654062
Alpha,398,Bob,318,False,high_rmse,mapclosures,3.9334162978291682,True,10,9,0.37827813734056825,0.3232353604450124
Alpha,398,Bob,331,True,accepted,megaloc,1.9828542391380137,True,37,17,0.33991229534218775,0.588385776413405
Alpha,399,Bob,320,False,high_rmse,mapclosures,3.0299540011120882,True,9,8,0.3824720872892985,0.32307152875175316
Alpha,399,Bob,331,False,high_rmse,megaloc+mapclosures,1.982694835073142,True,10,7,0.3661819895219386,0.5534274193548387
Alpha,400,Bob,315,False,high_rmse,mapclosures,6.458808724084272,True,10,7,0.37972147602137574,0.33610620956222165
Alpha,400,Bob,327,True,accepted,megaloc,1.984097629381283,True,24,15,0.32037184133085095,0.5580137659783677
Alpha,401,Bob,322,False,high_rmse,megaloc+mapclosures,1.984177311150808,True,10,7,0.3666408441757839,0.3420912243264871
Alpha,401,Bob,331,True,accepted,megaloc,1.9826038136197628,True,29,14,0.34096727832741397,0.5466930889274213
Alpha,402,Bob,316,False,high_rmse,mapclosures,5.414185709729649,True,9,8,0.3779976144083666,0.33746774327811535
Alpha,402,Bob,331,True,accepted,megaloc+mapclosures,1.9825905982686323,True,9,7,0.3407390478390096,0.5271673508814296
Alpha,403,Bob,316,False,high_rmse,mapclosures,5.41538615068677,True,10,7,0.3780217376560805,0.3355531507533505
Alpha,403,Bob,331,False,not_converged,megaloc+mapclosures,1.9829972731105336,True,10,7,0.3437358264294861,0.5350180505415163
Alpha,404,Bob,316,False,high_rmse,mapclosures,5.414203072234365,True,8,8,0.3783230795346293,0.33413801714808955
Alpha,404,Bob,335,False,high_rmse,megaloc,1.9811495414060336,True,16,11,0.36257493392379375,0.5239019655423441
Alpha,405,Bob,336,False,high_rmse,megaloc+mapclosures,1.9836117918593146,True,7,7,0.36565587821987594,0.5212506106497313
Alpha,405,Bob,331,True,accepted,megaloc+mapclosures,1.9844598016833426,True,6,6,0.33586535143947754,0.5636182902584493
Alpha,406,Bob,316,False,high_rmse,mapclosures,5.416649876693336,True,7,7,0.3794406050627428,0.33397153084158826
Alpha,406,Bob,339,True,accepted,megaloc,1.9826225482869324,True,20,12,0.34712058616352703,0.594116180503615
Bob,1,Carol,1,True,accepted,mapclosures,2.5165456650604563,True,13,6,0.3482842461289931,0.38480845442536327
Bob,2,Carol,1,False,high_rmse,mapclosures,2.516332628018412,True,16,8,0.35112782823441735,0.41030383091149275
Bob,2,Carol,0,False,mapclosures_no_pose,megaloc,2.5225594371814086,True,22,5,,
Bob,3,Alpha,5,True,accepted,mapclosures,3.683231610659626,True,20,16,0.33478524769082396,0.6229333711771802
Bob,4,Carol,1,True,accepted,mapclosures,2.7853566321791483,True,17,7,0.33234296742500363,0.41117230527143983
Bob,5,Alpha,4,True,accepted,megaloc+mapclosures,3.519509630732548,True,17,12,0.33536565628981135,0.6914594265723629
Bob,10,Alpha,10,False,high_rmse,mapclosures,3.363587535240864,True,27,23,0.3508281346033893,0.7545217597346181
Bob,11,Alpha,7,True,accepted,megaloc+mapclosures,3.433752015235741,True,20,15,0.34538949465152896,0.7193843898864053
Bob,11,Carol,7,False,high_rmse,mapclosures,6.615137083089948,True,22,11,0.36650204048835633,0.5037599754450584
Bob,14,Alpha,8,True,accepted,megaloc+mapclosures,5.355490675821907,True,28,26,0.32042615386360135,0.7137480325737358
Bob,15,Alpha,8,True,accepted,megaloc+mapclosures,6.186252395465101,True,11,10,0.34829644830127987,0.7116654954321855
Bob,15,Carol,11,False,high_rmse,mapclosures,10.381354243630609,False,17,11,0.36046178787914457,0.5232405552869673
Bob,18,Alpha,10,True,accepted,mapclosures,8.720490571575004,True,23,16,0.3424519880601072,0.7251415984896161
Bob,19,Alpha,8,True,accepted,megaloc+mapclosures,9.967969141270258,True,15,12,0.3426722017064981,0.7050394854677197
Bob,19,Carol,18,False,high_rmse,mapclosures,16.536695554004126,False,8,6,0.3518317139936067,0.4505793162637677
Bob,22,Alpha,8,False,high_rmse,megaloc+mapclosures,13.02319172778122,False,19,15,0.35131245463133903,0.6412928437678092
Bob,23,Alpha,8,True,accepted,megaloc+mapclosures,14.057002926574935,False,15,9,0.3299952248793752,0.6449564438655052
Bob,24,Carol,26,False,high_rmse,mapclosures,19.526446916539935,False,9,8,0.3512191402055253,0.3997912998108655
Bob,26,Alpha,26,True,accepted,mapclosures,17.049735570446956,False,12,6,0.3207819514291676,0.5843491663163795
Bob,28,Carol,37,True,accepted,mapclosures,20.549671750348494,False,9,8,0.323807690871392,0.4089647234071366
Bob,30,Alpha,17,True,accepted,mapclosures,19.693071160751202,False,7,7,0.3276933814102474,0.5547231492201866
Bob,43,Alpha,46,True,accepted,mapclosures,4.7641183907790765,True,9,6,0.3464021745767958,0.6015138772077376
Bob,47,Alpha,57,False,mapclosures_no_pose,megaloc,0.77106082638504,True,7,4,,
Bob,49,Alpha,46,True,accepted,mapclosures,6.105524712176376,True,10,8,0.3308074150237684,0.6211940298507462
Bob,51,Alpha,58,False,mapclosures_no_pose,megaloc,2.821667009371142,True,10,3,,
Bob,53,Alpha,46,True,accepted,mapclosures,10.215547034518831,False,8,7,0.3313849490693044,0.6052872162120981
Bob,55,Alpha,59,True,accepted,megaloc,6.641148004976048,True,8,6,0.3370890983119038,0.6552111771318452
Bob,63,Alpha,60,False,mapclosures_no_pose,megaloc,14.755468204740046,False,5,3,,
Bob,76,Alpha,52,False,mapclosures_no_pose,megaloc,31.356224826205956,False,7,2,,
Bob,81,Alpha,86,False,mapclosures_no_pose,megaloc,19.687891131777864,False,5,2,,
Bob,86,Alpha,88,False,mapclosures_no_pose,megaloc,17.577377853854824,False,9,2,,
Bob,90,Alpha,91,False,mapclosures_no_pose,megaloc,15.149790460382219,False,3,0,,
Bob,94,Alpha,92,False,mapclosures_no_pose,megaloc,12.26815029610018,False,0,0,,
Bob,100,Alpha,92,False,mapclosures_no_pose,megaloc,8.756903468478113,True,0,0,,
Bob,104,Alpha,92,False,mapclosures_no_pose,megaloc,7.109580362765332,True,2,0,,
Bob,108,Alpha,92,False,mapclosures_no_pose,megaloc,8.28018381371166,True,1,0,,
Bob,112,Alpha,106,False,mapclosures_no_pose,megaloc,5.006499638161157,True,1,0,,
Bob,116,Alpha,106,False,mapclosures_no_pose,megaloc,1.5995877549443822,True,2,0,,
Bob,120,Alpha,110,True,accepted,megaloc,1.341431367260813,True,19,7,0.2586489926232781,0.6796498905908096
Bob,134,Bob,28,True,accepted,mapclosures,7.777983042014223,True,9,8,0.32436657008006725,0.5696122947956689
Bob,142,Bob,27,True,accepted,mapclosures,2.537469590102097,True,11,9,0.3406549078358324,0.6893905594717588
Bob,145,Alpha,112,False,mapclosures_no_pose,megaloc,18.5939059448655,False,3,0,,
Bob,146,Alpha,117,True,accepted,mapclosures,18.74774003256936,False,6,6,0.32899743254185576,0.4374477337347383
Bob,147,Bob,30,True,accepted,mapclosures,8.928109922036498,True,11,10,0.33608056309842893,0.6965246006902641
Bob,151,Bob,30,True,accepted,mapclosures,13.021807837799816,False,15,14,0.3353386387814903,0.6687562882129866
Bob,155,Bob,21,True,accepted,mapclosures,11.938279379670021,False,12,11,0.34366447987089754,0.6195706858963609
Bob,155,Carol,57,False,mapclosures_no_pose,megaloc,16.878028093101552,False,3,0,,
Bob,156,Alpha,119,True,accepted,megaloc,17.971789536184843,False,9,9,0.33442392564011414,0.41078975718902794
Bob,159,Carol,36,True,accepted,megaloc,2.374122284715041,True,20,14,0.3228259803979263,0.48774044974261715
Bob,160,Alpha,186,False,mapclosures_no_pose,megaloc,38.730938124406855,False,8,4,,
Bob,163,Carol,77,True,accepted,megaloc,9.526458866630472,True,13,8,0.3333432551079459,0.4727662616154396
Bob,164,Alpha,154,False,mapclosures_no_pose,megaloc,26.546737061469734,False,9,2,,
Bob,164,Carol,39,True,accepted,mapclosures,2.0694208205622444,True,7,7,0.315631691984422,0.5390635633591943
Bob,167,Carol,77,True,accepted,megaloc,5.16785101380606,True,25,20,0.34752094052198157,0.5272337383845604
Bob,168,Alpha,152,True,accepted,megaloc,21.32429167822572,False,11,6,0.31773735146589477,0.4518218623481781
Bob,168,Carol,50,True,accepted,mapclosures,9.162050017167319,True,7,6,0.3134482811152053,0.5322749248660656
Bob,171,Carol,78,True,accepted,megaloc,1.8888244423772618,True,19,18,0.32570660698796555,0.5549011052937755
Bob,172,Alpha,177,True,accepted,megaloc,21.91036330686284,False,9,7,0.31754371743931603,0.5095314573004679
Bob,172,Carol,79,True,accepted,mapclosures,1.4804675313013602,True,9,9,0.32451567756127997,0.5469117647058823
Bob,175,Carol,78,True,accepted,megaloc,3.601278227297003,True,22,20,0.3289313679847644,0.5285049447353112
Bob,176,Alpha,117,False,mapclosures_no_pose,megaloc,23.151375671752376,False,7,2,,
Bob,177,Carol,120,True,accepted,mapclosures,6.297292935964334,True,8,6,0.32819419270223055,0.5039834969412434
Bob,179,Carol,79,True,accepted,megaloc,7.191572114054238,True,13,9,0.32569355389998533,0.5094852941176471
Bob,180,Alpha,233,False,mapclosures_no_pose,megaloc,12.458264049127354,False,7,3,,
Bob,182,Carol,121,True,accepted,mapclosures,4.741044983793534,True,7,7,0.33964159618949386,0.5598779016114148
Bob,186,Carol,115,True,accepted,megaloc,2.7312715659274445,True,23,17,0.3356003279966546,0.578463511972634
Bob,187,Carol,122,True,accepted,mapclosures,1.3700644473648482,True,11,11,0.331063002171013,0.5914733631269065
Bob,188,Alpha,248,True,accepted,mapclosures,13.518218578866435,False,7,6,0.3281194863796539,0.6690557806170147
Bob,188,Alpha,182,True,accepted,megaloc,11.790134556699865,False,19,14,0.32479946834224954,0.6166251168588345
Bob,190,Carol,115,True,accepted,megaloc,5.762646488062498,True,14,9,0.3314564336912233,0.5795324971493728
Bob,191,Carol,126,True,accepted,mapclosures,3.7208871234185974,True,13,13,0.32876478440966983,0.5644659522986519
Bob,192,Alpha,157,True,accepted,mapclosures,7.008630789244644,True,8,8,0.3263564815779439,0.6221786064769381
Bob,194,Carol,107,False,mapclosures_no_pose,megaloc,17.91300020895035,False,6,2,,
Bob,196,Alpha,156,True,accepted,mapclosures,2.8512679546505333,True,11,10,0.2950814853982812,0.6655929283092367
Bob,198,Carol,107,False,mapclosures_no_pose,megaloc,22.250878938780232,False,10,3,,
Bob,200,Alpha,161,True,accepted,mapclosures,4.195689381545622,True,7,6,0.28858328762380286,0.7330705212439772
Bob,202,Carol,112,False,mapclosures_no_pose,megaloc,21.012057696113693,False,9,2,,
Bob,210,Alpha,212,False,mapclosures_no_pose,megaloc,22.075141316701014,False,7,2,,
Bob,212,Carol,330,False,mapclosures_no_pose,megaloc,27.447321354971887,False,7,0,,
Bob,214,Alpha,213,False,mapclosures_no_pose,megaloc,25.679432551891935,False,3,3,,
Bob,216,Carol,330,False,mapclosures_no_pose,megaloc,31.35652552268227,False,5,0,,
Bob,218,Alpha,287,False,mapclosures_no_pose,megaloc,31.790953230308435,False,3,0,,
Bob,222,Alpha,287,False,mapclosures_no_pose,megaloc,35.87661663377708,False,10,4,,
Bob,223,Carol,330,False,mapclosures_no_pose,megaloc,38.19169536447224,False,5,0,,
Bob,233,Alpha,128,False,mapclosures_no_pose,megaloc,24.448675759886584,False,2,0,,
Bob,234,Carol,118,False,mapclosures_no_pose,megaloc,41.41195572679283,False,1,0,,
Bob,236,Bob,82,False,mapclosures_no_pose,megaloc,46.390285162397134,False,6,3,,
Bob,239,Alpha,157,False,mapclosures_no_pose,megaloc,30.936154395905557,False,3,0,,
Bob,242,Bob,103,False,mapclosures_no_pose,megaloc,34.165993413772874,False,0,0,,
Bob,244,Alpha,141,False,mapclosures_no_pose,megaloc,20.63599922172058,False,5,2,,
Bob,248,Alpha,157,False,mapclosures_no_pose,megaloc,23.77615564735901,False,2,0,,
Bob,252,Alpha,160,False,mapclosures_no_pose,megaloc,22.004217829813076,False,5,0,,
Bob,253,Carol,169,False,mapclosures_no_pose,megaloc,32.54673159512813,False,5,0,,
Bob,256,Alpha,328,False,mapclosures_no_pose,megaloc,7.06388721023591,True,15,4,,
Bob,260,Alpha,327,False,mapclosures_no_pose,megaloc,5.546550948170223,True,11,2,,
Bob,266,Alpha,161,False,mapclosures_no_pose,megaloc,26.198873333024363,False,6,2,,
Bob,273,Bob,118,False,mapclosures_no_pose,megaloc,45.46401423516595,False,14,2,,
Bob,274,Alpha,342,True,accepted,mapclosures,9.808670885939396,True,10,6,0.2914237495824117,0.6853383754825494
Bob,274,Alpha,192,False,mapclosures_no_pose,megaloc,22.104085079483703,False,5,0,,
Bob,277,Bob,118,False,mapclosures_no_pose,megaloc,45.12552728745434,False,8,2,,
Bob,278,Alpha,192,False,mapclosures_no_pose,megaloc,17.825818802556842,False,1,0,,
Bob,281,Carol,220,False,mapclosures_no_pose,megaloc,20.06791849314629,False,5,0,,
Bob,282,Alpha,161,False,mapclosures_no_pose,megaloc,15.559373581202909,False,6,2,,
Bob,286,Carol,421,False,mapclosures_no_pose,megaloc,18.858321994314238,False,6,3,,
Bob,288,Alpha,328,False,mapclosures_no_pose,megaloc,13.88841369119878,False,14,3,,
Bob,289,Bob,183,False,mapclosures_no_pose,megaloc,33.86910660369635,False,1,0,,
Bob,293,Alpha,336,False,mapclosures_no_pose,megaloc,11.392689398838607,False,10,2,,
Bob,297,Alpha,336,False,mapclosures_no_pose,megaloc,10.040432295333265,False,7,2,,
Bob,302,Alpha,337,True,accepted,megaloc,11.024775694322363,False,21,6,0.30110081722882637,0.5523703576929659
Bob,304,Carol,443,True,accepted,megaloc,6.144703355090039,True,16,6,0.32969864697406154,0.3589434069445431
Bob,308,Alpha,355,True,accepted,mapclosures,16.990717534358275,False,7,6,0.3133724630895994,0.42262735519888345
Bob,308,Carol,444,False,mapclosures_no_pose,megaloc,7.444609508693926,True,18,5,,
Bob,311,Bob,245,False,not_converged,mapclosures,37.30564965755828,False,7,6,0.3152805336956733,0.35529852569846054
Bob,314,Carol,446,True,accepted,mapclosures,11.309073432863759,False,7,6,0.31714513988309,0.35100742311770944
Bob,315,Alpha,358,True,accepted,mapclosures,14.341897732200561,False,10,6,0.3123571257163054,0.5733131669607596
Bob,318,Alpha,360,True,accepted,megaloc,13.309734599856277,False,24,15,0.3039508428423418,0.6355709238517627
Bob,318,Carol,466,True,accepted,mapclosures,18.0725474632676,False,8,7,0.3239915860735543,0.3451342005598551
Bob,320,Alpha,356,True,accepted,mapclosures,13.300969260232343,False,9,7,0.29426865992883555,0.5003506311360448
Bob,322,Alpha,378,True,accepted,mapclosures,8.055971024369523,True,10,9,0.292505269626978,0.6765804214457188
Bob,323,Alpha,379,True,accepted,mapclosures,7.982753355690654,True,10,8,0.3221754917342337,0.6773023332508863
Bob,325,Alpha,390,False,high_rmse,megaloc,2.5383537803853775,True,24,9,0.35479653470550376,0.3794409087247241
Bob,326,Alpha,391,True,accepted,megaloc,2.0339595321281667,True,31,18,0.34765331659976395,0.4223940938653542
Bob,327,Alpha,391,False,high_rmse,megaloc+mapclosures,2.0304091182014363,True,10,6,0.35180419500120047,0.426085428018984
Bob,327,Carol,486,False,low_overlap,mapclosures,19.55804004854529,False,8,7,0.39225661645635324,0.14267163016189074
Bob,328,Alpha,391,False,high_rmse,megaloc,2.0340435702137167,True,22,16,0.3528275028704397,0.41712075936016874
Bob,328,Carol,504,False,low_overlap,mapclosures,11.719205614750958,False,8,7,0.3912516756880422,0.14749866476766957
Bob,329,Alpha,391,False,high_rmse,megaloc,2.032495039207099,True,21,11,0.35192315895223175,0.41149586922130427
Bob,330,Alpha,395,True,accepted,megaloc,1.9812247160437115,True,34,22,0.31533413298405005,0.6463288521199586
Bob,331,Alpha,393,False,high_rmse,megaloc,1.9792747899908154,True,32,19,0.353938000950273,0.39461883408071746
Bob,332,Alpha,397,True,accepted,megaloc,1.982394129193315,True,43,26,0.31056154870492264,0.6535556134410002
Bob,332,Carol,531,False,low_overlap,mapclosures,2.0060153971529178,True,9,7,0.3855750146313736,0.18694612463074975
Bob,333,Alpha,391,False,high_rmse,megaloc,2.0348645029062506,True,28,16,0.3501111615102596,0.4046405343645632
Bob,334,Alpha,391,False,high_rmse,megaloc,2.0324510685408885,True,21,13,0.35532441684832217,0.4052557567235015
Bob,334,Carol,523,False,low_overlap,mapclosures,4.420737760599811,True,7,7,0.3808469150787199,0.1717679305619004
Bob,335,Alpha,391,False,high_rmse,megaloc,2.030955358779541,True,21,13,0.356363202766512,0.4105290912286869
Bob,335,Carol,523,False,low_overlap,mapclosures,4.42244902733575,True,9,8,0.3801039408521529,0.17346472622854534
Bob,336,Bob,316,False,high_rmse,mapclosures,3.7707893126621537,True,12,11,0.37953263892874767,0.3694331141263631
Bob,336,Bob,321,False,high_rmse,megaloc,0.6271224898323149,True,30,24,0.3719318220611731,0.3479816513761468
Bob,337,Bob,322,False,high_rmse,megaloc+mapclosures,0.005410492441555009,True,7,6,0.35522216687568897,0.38690317417978126
Bob,338,Bob,323,False,not_converged,megaloc+mapclosures,0.004538212570534666,True,11,10,0.3258636510028623,0.46000876040297856
Bob,339,Bob,324,True,accepted,megaloc+mapclosures,0.01039281535984832,True,14,12,0.16032274902174198,0.8745948641236599
Bob,340,Bob,325,True,accepted,megaloc+mapclosures,0.008085644894810859,True,13,11,0.10546815192175386,0.8779880478087649
Bob,341,Bob,326,True,accepted,megaloc+mapclosures,0.036141320727002275,True,15,15,0.10341631561623207,0.8871897718726498
Carol,1,Bob,0,False,mapclosures_no_pose,megaloc,,,9,2,,
Carol,2,Bob,1,False,high_rmse,mapclosures,2.6291131604165585,True,18,6,0.3548365628162165,0.3127482845792705
Carol,3,Alpha,7,False,high_rmse,mapclosures,6.750285673686693,True,9,7,0.3582705157923645,0.49935660976237456
Carol,5,Bob,3,False,high_rmse,megaloc+mapclosures,3.9226131523096908,True,19,10,0.3524105074649956,0.3963254593175853
Carol,7,Alpha,3,False,high_rmse,megaloc,8.170180164077724,True,37,16,0.3852724268443569,0.4171270718232044
Carol,8,Alpha,5,False,high_rmse,mapclosures,8.597888876517398,True,22,12,0.3849138489187992,0.475268349289237
Carol,10,Bob,9,False,high_rmse,mapclosures,6.7913898352311115,True,32,16,0.389427155186882,0.454705550859397
Carol,12,Alpha,8,False,high_rmse,mapclosures,11.706334680347341,False,15,11,0.3825777351654841,0.5015151515151515
Carol,15,Bob,14,False,high_rmse,mapclosures,11.746974056324387,False,27,13,0.38291499632770365,0.5417118877071123
Carol,17,Alpha,10,False,high_rmse,mapclosures,16.87566061410698,False,18,11,0.3836507865031588,0.4736393954445469
Carol,20,Alpha,5,False,high_rmse,megaloc,20.102855339839486,False,23,11,0.3835076443693357,0.41361505537060944
Carol,20,Bob,13,False,high_rmse,mapclosures,16.126755606284444,False,17,10,0.38565779813744316,0.49174536313608264
Carol,22,Alpha,17,False,high_rmse,mapclosures,24.502867290651636,False,11,8,0.3775589623215461,0.4663912387697554
Carol,26,Bob,14,False,high_rmse,mapclosures,17.900013525881402,False,9,7,0.3849573902208917,0.4567273201591339
Carol,30,Alpha,17,False,high_rmse,mapclosures,25.510255341654137,False,11,9,0.37441892145595423,0.4544732662784542
Carol,33,Bob,17,False,high_rmse,mapclosures,17.532138136839134,False,11,6,0.37571252681500095,0.44650151535116617
Carol,34,Alpha,5,False,high_rmse,megaloc,24.587003119672215,False,24,12,0.38603953503242017,0.3871269279561995
Carol,40,Alpha,20,False,high_rmse,mapclosures,31.383011444527376,False,6,6,0.37298917392181297,0.41937879810938555
Carol,42,Bob,19,False,high_rmse,mapclosures,21.071216706355465,False,11,7,0.37774941453400696,0.41490378053773713
Carol,48,Bob,19,False,high_rmse,mapclosures,22.988122382107804,False,6,6,0.3771535675661181,0.3918747071815809
Carol,54,Bob,16,False,high_rmse,mapclosures,24.404375062818247,False,9,7,0.3798337686790469,0.3929372556559636
Carol,60,Alpha,5,False,mapclosures_no_pose,megaloc,32.106700019495214,False,13,5,,
Carol,73,Alpha,50,False,low_overlap,megaloc,46.21546310827826,False,25,6,0.37282799095481023,0.20727696313553515
Carol,76,Bob,30,False,high_rmse,mapclosures,31.563218789989907,False,8,7,0.3801113692703881,0.3331912777896157
Carol,103,Alpha,5,False,mapclosures_no_pose,megaloc,41.91164589697565,False,3,0,,
Carol,115,Carol,22,False,high_rmse,megaloc,24.413670637589338,False,25,8,0.37037668822357067,0.5576103351039412
Carol,116,Carol,25,False,high_rmse,mapclosures,23.408782225867917,False,6,6,0.3722050138496917,0.5638535240845255
Carol,117,Alpha,5,False,mapclosures_no_pose,megaloc,46.13009611475521,False,12,3,,
Carol,133,Carol,36,False,high_rmse,mapclosures,25.35832407146485,False,12,7,0.37125834530492857,0.5533878196678091
Carol,142,Carol,45,False,high_rmse,mapclosures,24.278554193946423,False,10,8,0.37130855025476434,0.5899987243270826
Carol,147,Carol,58,False,high_rmse,megaloc,21.594776662142685,False,13,7,0.39330980806336524,0.5591264667535853
Carol,163,Carol,68,False,high_rmse,mapclosures,23.94271695625897,False,9,8,0.36877405026931415,0.5858283433133733
Carol,164,Alpha,117,False,low_overlap,mapclosures,36.96757408913113,False,7,6,0.38586170451025736,0.16646554035934566
Carol,165,Carol,74,False,high_rmse,megaloc,23.352247724502895,False,21,10,0.3674785277918879,0.5794596742153357
Carol,166,Alpha,121,False,mapclosures_no_pose,megaloc,34.45616897809381,False,8,1,,
Carol,175,Carol,87,False,high_rmse,mapclosures,23.41957854875279,False,7,6,0.39894200684860504,0.5339039388399535
Carol,194,Carol,101,False,high_rmse,megaloc,23.738284475110124,False,21,9,0.39665828056522606,0.5415804449042938
Carol,196,Alpha,130,False,mapclosures_no_pose,megaloc,46.128647765871584,False,18,4,,
Carol,204,Carol,115,False,mapclosures_no_pose,megaloc,24.945724066497597,False,16,2,,
Carol,209,Carol,115,False,mapclosures_no_pose,megaloc,24.698361445568683,False,13,4,,
Carol,215,Alpha,154,False,low_overlap,megaloc,23.270028527329767,False,15,7,0.4047926344098726,0.2593558907460253
Carol,246,Carol,148,False,high_rmse,megaloc,22.90459143925307,False,25,9,0.402245021674048,0.4840256826796627
Carol,247,Alpha,183,False,high_rmse,megaloc,28.754930076110952,False,18,6,0.3992127064219627,0.3233948452035992
Carol,260,Carol,165,False,high_rmse,megaloc,21.709407212822544,False,30,10,0.39536186195909645,0.5130678282514001
Carol,262,Carol,173,False,high_rmse,mapclosures,18.79704603453795,False,6,6,0.39408470216696634,0.5021880998080614
Carol,285,Carol,199,False,high_rmse,mapclosures,14.41632739307848,False,7,7,0.39612204294057,0.5270582966335747
Carol,293,Carol,198,False,high_rmse,mapclosures,8.179700508174605,True,11,9,0.39267456984564425,0.5701540338569467
Carol,296,Alpha,217,False,mapclosures_no_pose,megaloc,24.218051300993135,False,12,4,,
Carol,297,Carol,199,False,high_rmse,mapclosures,3.378405115052241,True,11,9,0.3964603767931767,0.627287716405606
Carol,302,Carol,199,False,high_rmse,mapclosures,3.907038953824927,True,9,7,0.37060146797012056,0.6637328288229004
Carol,303,Alpha,258,False,high_rmse,megaloc,5.855233087500093,True,13,8,0.365757346747242,0.48173362092208144
Carol,306,Bob,191,False,high_rmse,mapclosures,19.93288166413813,False,7,6,0.376045524048851,0.41189014539579966
Carol,307,Carol,202,False,high_rmse,mapclosures,11.181459420367787,False,28,27,0.38703743607295876,0.618958350313799
Carol,308,Alpha,263,False,high_rmse,megaloc,4.346683398887061,True,16,15,0.3983741424124323,0.5174887892376682
Carol,309,Alpha,264,False,high_rmse,mapclosures,4.441879567336335,True,7,7,0.36462591954989526,0.5561528124400077
Carol,312,Carol,199,False,high_rmse,mapclosures,14.12230187077467,False,18,15,0.3952633443168819,0.6140495187957555
Carol,314,Alpha,211,False,mapclosures_no_pose,megaloc,14.043641950545918,False,16,5,,
Carol,315,Carol,27,False,mapclosures_no_pose,megaloc,30.249486197858822,False,15,2,,
Carol,316,Alpha,275,False,high_rmse,mapclosures,7.3131581434768735,True,7,7,0.3613751684130783,0.6086081537263048
Carol,318,Bob,189,False,high_rmse,mapclosures,11.37941222133936,False,7,6,0.3725486844526382,0.493349137363361
Carol,318,Bob,195,False,mapclosures_no_pose,megaloc,17.37699533024352,False,7,1,,
Carol,319,Carol,156,False,high_rmse,megaloc+mapclosures,3.6653370676061563,True,23,23,0.3601670815391003,0.7100479096935092
Carol,321,Alpha,275,False,high_rmse,megaloc,5.127154691711968,True,19,17,0.36283319980371526,0.6210815047021944
Carol,322,Carol,167,False,high_rmse,megaloc,8.342387075486524,True,47,36,0.36076774182480126,0.7234372977869807
Carol,323,Alpha,275,False,high_rmse,megaloc+mapclosures,3.3212267803764837,True,9,9,0.3951574902160729,0.581841316004726
Carol,324,Bob,185,False,high_rmse,megaloc+mapclosures,9.139519106941247,True,8,6,0.4009543388594732,0.46405405405405403
Carol,324,Bob,184,False,high_rmse,megaloc,9.274425579359031,True,19,12,0.4027025384826871,0.4610810810810811
Carol,325,Carol,160,False,high_rmse,mapclosures,1.12637332157214,True,27,27,0.3894567044474638,0.6971790071654509
Carol,327,Alpha,269,False,high_rmse,megaloc,4.503897114690812,True,28,24,0.3558724014757946,0.6005408537763184
Carol,329,Carol,28,False,mapclosures_no_pose,megaloc,33.56161846875384,False,10,3,,
Carol,330,Alpha,275,False,high_rmse,mapclosures,5.551928558924346,True,10,10,0.394480108467529,0.5866131191432397
Carol,332,Carol,150,False,high_rmse,mapclosures,14.74586108166078,False,18,18,0.4192671490289675,0.5722582274219342
Carol,333,Bob,189,False,high_rmse,mapclosures,5.112749690263708,True,6,6,0.3683966354811789,0.5320140440472391
Carol,334,Alpha,217,False,high_rmse,megaloc,4.143009849879887,True,12,12,0.357411173141765,0.5107412425004838
Carol,336,Alpha,263,False,high_rmse,mapclosures,12.123717895320858,False,10,9,0.35781382833308234,0.5558393461464786
Carol,337,Carol,172,False,high_rmse,mapclosures,11.834938301666702,False,16,16,0.3582621851198312,0.6619290651850894
Carol,338,Bob,191,False,high_rmse,mapclosures,2.6147642949589005,True,10,10,0.36307840832663285,0.5499902426331881
Carol,339,Alpha,215,False,high_rmse,megaloc,8.899271988366127,True,26,21,0.3581322670419348,0.5098117474888578
Carol,340,Alpha,276,False,high_rmse,mapclosures,15.164483901641649,False,10,10,0.3609523183198149,0.5873688458434221
Carol,341,Carol,129,False,high_rmse,mapclosures,7.115312095239083,True,18,17,0.35863884879723906,0.7502336760582187
Carol,342,Bob,211,False,mapclosures_no_pose,megaloc,21.962000278531484,False,5,0,,
Carol,343,Bob,184,False,high_rmse,mapclosures,8.035445949621522,True,11,11,0.36801759679612334,0.5570450656018254
Carol,344,Alpha,287,False,high_rmse,megaloc,18.194870176458444,False,18,10,0.36641317988014954,0.46520775227061434
Carol,345,Alpha,272,False,high_rmse,mapclosures,19.730892361028342,False,6,6,0.36569801897373516,0.5636496350364963
Carol,346,Carol,90,False,high_rmse,mapclosures,14.758692026995094,False,15,14,0.36652204626404933,0.6424644676857066
Carol,347,Bob,214,False,mapclosures_no_pose,megaloc,20.848784643875824,False,10,0,,
Carol,348,Bob,191,False,high_rmse,mapclosures,11.565984932334235,False,13,13,0.3605613730448985,0.5934407915735717
Carol,349,Alpha,212,False,high_rmse,megaloc,19.408099764450665,False,8,7,0.36308550371962156,0.4657339340763576
Carol,350,Carol,27,False,high_rmse,megaloc,22.946175121437893,False,12,8,0.37046052907695537,0.5316422594142259
Carol,351,Carol,119,False,high_rmse,mapclosures,13.863884044979088,False,11,11,0.36483047102751437,0.6865607248148414
Carol,352,Bob,217,False,mapclosures_no_pose,megaloc,19.143742324564965,False,4,0,,
Carol,353,Bob,176,False,high_rmse,mapclosures,16.137651336466508,False,8,8,0.37428497593724364,0.5003770170411702
Carol,354,Alpha,287,False,mapclosures_no_pose,megaloc,27.474248946258488,False,7,4,,
Carol,356,Carol,46,False,high_rmse,mapclosures,23.152124299145793,False,10,8,0.36963015314101877,0.6025649589205798
Carol,357,Bob,217,False,mapclosures_no_pose,megaloc,17.374043237405008,False,6,2,,
Carol,358,Alpha,123,False,high_rmse,mapclosures,5.1705117541564825,True,6,6,0.36702699067585653,0.36837442787538754
Carol,359,Alpha,212,False,mapclosures_no_pose,megaloc,29.048974205441148,False,5,2,,
Carol,359,Bob,168,False,high_rmse,mapclosures,20.18793452475983,False,8,8,0.37037407973134384,0.49684102262709373
Carol,360,Carol,27,False,high_rmse,megaloc,27.346247772311994,False,14,13,0.3746940915068405,0.5311192468619247
Carol,361,Carol,83,False,high_rmse,mapclosures,22.95062230951331,False,11,11,0.3617049932883725,0.6163579810547151
Carol,362,Bob,218,False,mapclosures_no_pose,megaloc,16.47848406518522,False,6,0,,
Carol,364,Bob,168,False,high_rmse,mapclosures,24.986188682977314,False,12,12,0.372462864021885,0.4839349767228879
Carol,364,Alpha,212,False,mapclosures_no_pose,megaloc,33.85979867122938,False,6,0,,
Carol,365,Carol,27,False,high_rmse,megaloc,31.144826127468306,False,19,12,0.37116228021263,0.4873169456066946
Carol,365,Alpha,131,False,high_rmse,mapclosures,7.454093084314963,True,6,6,0.363796316200033,0.37867981790591804
Carol,367,Carol,84,False,high_rmse,mapclosures,29.466598688514907,False,8,7,0.36709326589694,0.5291996606334841
Carol,367,Bob,218,False,mapclosures_no_pose,megaloc,17.20368694874187,False,4,0,,
Carol,370,Bob,26,False,high_rmse,mapclosures,29.92553230122236,False,8,7,0.3772531149859954,0.38009658776027233
Carol,371,Alpha,129,False,high_rmse,mapclosures,12.314658511680795,False,8,7,0.3642695315488596,0.37551570929863537
Carol,373,Bob,133,False,mapclosures_no_pose,megaloc,20.360034898468072,False,3,0,,
Carol,376,Alpha,220,False,mapclosures_no_pose,megaloc,39.52576807968884,False,3,0,,
Carol,378,Bob,127,False,mapclosures_no_pose,megaloc,11.060214752363322,False,6,3,,
Carol,381,Carol,54,False,high_rmse,mapclosures,34.886873935919496,False,6,6,0.3729540445819397,0.484073575594437
Carol,382,Alpha,111,False,mapclosures_no_pose,megaloc,3.0535332639739856,True,6,4,,
Carol,384,Bob,116,False,mapclosures_no_pose,megaloc,4.2308218745771775,True,0,0,,
Carol,385,Bob,164,False,high_rmse,mapclosures,21.595179002687104,False,6,6,0.3713011376073477,0.4394179513038467
Carol,387,Carol,78,False,mapclosures_no_pose,megaloc,22.805850055220823,False,8,5,,
Carol,389,Alpha,119,False,high_rmse,megaloc,3.6769213104582197,True,12,11,0.3636485916519937,0.3488422892092617
Carol,391,Bob,256,False,mapclosures_no_pose,megaloc,35.19404116328584,False,0,0,,
Carol,392,Bob,149,False,high_rmse,mapclosures,23.103254532073215,False,6,6,0.36982672176322573,0.4851765371824807
Carol,393,Carol,77,False,high_rmse,megaloc,20.050071190013043,False,10,8,0.36994139110844554,0.5871091257179324
Carol,394,Alpha,135,False,high_rmse,megaloc,9.726696397640003,True,10,7,0.3672038012097213,0.32321010430710284
Carol,396,Bob,178,False,mapclosures_no_pose,megaloc,23.538762736997697,False,9,3,,
Carol,399,Bob,167,False,high_rmse,megaloc+mapclosures,18.4102220011275,False,8,8,0.3670738423575281,0.4701003928415539
Carol,400,Carol,41,False,high_rmse,mapclosures,20.118801611128934,False,10,9,0.3689647913457584,0.6027798596443414
Carol,400,Alpha,134,False,mapclosures_no_pose,megaloc,5.659473670588121,True,9,4,,
Carol,401,Carol,77,False,high_rmse,megaloc,16.94076268849733,False,23,17,0.364148999487559,0.6138549425121123
Carol,402,Bob,253,False,mapclosures_no_pose,megaloc,23.973788415922698,False,6,2,,
Carol,404,Alpha,131,False,high_rmse,mapclosures,3.7898055415428,True,8,7,0.36097819641155116,0.3657130657557643
Carol,405,Carol,46,False,high_rmse,mapclosures,25.591952348314507,False,10,10,0.364484378706531,0.5747111081424087
Carol,405,Alpha,132,False,high_rmse,megaloc,3.8164386973178708,True,18,11,0.3594950750958551,0.35352810279233365
Carol,406,Bob,193,False,high_rmse,mapclosures,16.183463447121724,False,8,8,0.3694028664259622,0.4269566461582487
Carol,407,Carol,32,False,high_rmse,megaloc,27.669623635266937,False,19,15,0.3692238069339811,0.5202391904323828
Carol,408,Bob,185,False,mapclosures_no_pose,megaloc,22.355241255979152,False,1,0,,
Carol,410,Alpha,129,False,high_rmse,mapclosures,8.627677089833371,True,8,6,0.3624672304504504,0.3610610538455994
Carol,410,Alpha,131,False,high_rmse,megaloc+mapclosures,6.67522144645102,True,7,6,0.3610429195767438,0.3661068262091833
Carol,411,Bob,168,False,high_rmse,mapclosures,25.809014054021223,False,9,9,0.36826915642106733,0.43033596837944665
Carol,412,Carol,120,False,high_rmse,mapclosures,21.512724248474413,False,8,6,0.3673094926632956,0.5613254203758655
Carol,412,Carol,118,False,high_rmse,megaloc,21.784073834635524,False,17,13,0.37298984652735917,0.5477603504309736
Carol,413,Bob,257,False,low_overlap,megaloc,16.81324608559452,False,11,6,0.37555145025616593,0.21621621621621623
Carol,415,Alpha,133,False,high_rmse,megaloc,10.06984583354832,False,16,13,0.3617894785765106,0.3379305365008304
Carol,416,Alpha,140,False,high_rmse,mapclosures,8.520583880090085,True,6,6,0.36531070139718674,0.3671566869845823
Carol,417,Carol,167,False,mapclosures_no_pose,megaloc,26.327435339427538,False,8,2,,
Carol,418,Bob,255,False,low_overlap,megaloc,9.365377868022641,True,19,10,0.3726551759996863,0.24497190180419995
Carol,420,Alpha,134,False,mapclosures_no_pose,megaloc,15.330147626796947,False,4,0,,
Carol,422,Carol,118,False,mapclosures_no_pose,megaloc,26.878171991140086,False,2,0,,
Carol,423,Bob,255,False,mapclosures_no_pose,megaloc,6.10646639013912,True,6,3,,
Carol,425,Alpha,328,False,mapclosures_no_pose,megaloc,6.961943556057588,True,7,5,,
Carol,427,Carol,118,False,mapclosures_no_pose,megaloc,30.452597067077818,False,3,0,,
Carol,428,Bob,255,False,mapclosures_no_pose,megaloc,6.609942744780847,True,5,3,,
Carol,429,Bob,270,False,high_rmse,mapclosures,5.623591250325879,True,7,6,0.3678350915020019,0.3630786789357301
Carol,430,Alpha,331,False,mapclosures_no_pose,megaloc,3.4330093028636366,True,9,3,,
Carol,433,Bob,254,False,mapclosures_no_pose,megaloc,12.044651085497467,False,15,4,,
Carol,434,Bob,274,False,high_rmse,mapclosures,1.9181724148384856,True,9,8,0.37484674940534873,0.3596827666905025
Carol,435,Alpha,174,False,high_rmse,mapclosures,26.54632890719505,False,6,6,0.394753190358036,0.30851522733155035
Carol,435,Alpha,332,False,mapclosures_no_pose,megaloc,2.941177808191933,True,9,2,,
Carol,436,Carol,167,False,mapclosures_no_pose,megaloc,30.75493816147862,False,21,3,,
Carol,438,Bob,256,False,mapclosures_no_pose,megaloc,14.91844282122778,False,13,3,,
Carol,439,Carol,221,False,high_rmse,mapclosures,29.155914715284567,False,7,6,0.39760711857126685,0.4151536045353559
Carol,440,Alpha,335,False,mapclosures_no_pose,megaloc,4.5420489300354525,True,11,3,,
Carol,442,Alpha,356,False,low_overlap,mapclosures,18.24569272062256,False,12,9,0.376937798994797,0.26112473070351383
Carol,443,Bob,302,False,high_rmse,megaloc,5.914776176444641,True,20,12,0.37301981659629224,0.36228076404175247
Carol,446,Bob,268,False,high_rmse,mapclosures,11.616344364545785,False,7,6,0.3725341552299172,0.35100742311770944
Carol,450,Alpha,357,False,high_rmse,mapclosures,15.394561909484812,False,10,8,0.3725312735750704,0.33150594451783355
Carol,450,Alpha,287,False,low_overlap,megaloc,36.825736817174985,False,18,6,0.36630880812946265,0.20085865257595772
Carol,451,Bob,213,False,mapclosures_no_pose,megaloc,28.662216560172144,False,6,1,,
Carol,455,Carol,228,False,high_rmse,mapclosures,39.79312607938242,False,6,6,0.3991466177837555,0.3209132827606723
Carol,456,Bob,291,False,high_rmse,mapclosures,16.05965057414584,False,6,6,0.40452489570279454,0.31759656652360513
Carol,458,Alpha,358,False,high_rmse,mapclosures,17.22060735220176,False,10,10,0.3995273679779605,0.31778601603586515
Carol,460,Bob,269,False,high_rmse,megaloc,6.781028291111242,True,22,8,0.4033356814541727,0.31394668672181836
Carol,463,Alpha,368,False,high_rmse,megaloc+mapclosures,20.03179754668197,False,8,7,0.39817821023488315,0.3590375297692371
Carol,464,Bob,313,False,high_rmse,mapclosures,14.80421012966333,False,8,6,0.4045818248811537,0.324137363089846
Carol,466,Alpha,357,False,low_overlap,mapclosures,19.59427252539286,False,10,7,0.4012776226403442,0.2849497777045941
Carol,468,Bob,262,False,low_overlap,megaloc,12.950850296714572,False,20,10,0.40711727959024857,0.23460505979012447
Carol,471,Alpha,337,False,mapclosures_no_pose,megaloc,6.363525537985444,True,8,3,,
Carol,472,Bob,313,False,high_rmse,mapclosures,11.555967604144424,False,9,6,0.40622909833702175,0.32136325852036574
Carol,474,Alpha,358,False,high_rmse,mapclosures,18.30412711564814,False,9,7,0.3993238902265879,0.30756302521008405
Carol,477,Bob,210,False,mapclosures_no_pose,megaloc,27.594917057226688,False,28,3,,
Carol,478,Carol,330,False,mapclosures_no_pose,megaloc,41.86753299265647,False,7,2,,
Carol,481,Bob,316,False,high_rmse,mapclosures,13.72460863724189,False,8,8,0.4043818204276392,0.34697446659671216
Carol,484,Alpha,348,False,low_overlap,mapclosures,6.894363705765331,True,7,7,0.40296430348862555,0.2717069775535062
Carol,485,Alpha,197,False,mapclosures_no_pose,megaloc,32.13285675536188,False,7,0,,
Carol,488,Bob,269,False,high_rmse,megaloc,7.399543273049223,True,22,6,0.406866840754137,0.32195500387897596
Carol,489,Bob,274,False,high_rmse,mapclosures,8.739854180256994,True,8,6,0.40458788769134574,0.36732758620689654
Carol,491,Alpha,377,False,high_rmse,megaloc+mapclosures,15.302339993639189,False,9,7,0.39551558528340475,0.37613381043521676
Carol,494,Alpha,331,False,mapclosures_no_pose,megaloc,10.176165989783161,False,16,2,,
Carol,495,Bob,315,False,high_rmse,mapclosures,15.688725245061304,False,6,6,0.4055692596523518,0.30785476403216633
Carol,495,Bob,254,False,mapclosures_no_pose,megaloc,21.636161262505357,False,17,2,,
Carol,498,Alpha,386,False,high_rmse,mapclosures,15.617102468652615,False,8,8,0.39797283082850576,0.38194782045049425
Carol,501,Bob,316,False,high_rmse,mapclosures,11.531332138961178,False,9,8,0.402297463467302,0.33084723036956337
Carol,501,Bob,304,False,high_rmse,megaloc,2.445117483511259,True,21,9,0.3966209766901918,0.3257353557361937
Carol,503,Alpha,373,False,high_rmse,mapclosures,12.231964329704567,False,9,8,0.39962448298489806,0.3618680377035133
Carol,506,Bob,316,False,high_rmse,mapclosures,5.887365413391556,True,14,11,0.36798248979867737,0.38161283931048146
Carol,506,Bob,310,False,high_rmse,megaloc,1.215845988019829,True,32,18,0.36739037601530117,0.39852057327785484
Carol,508,Alpha,385,False,high_rmse,mapclosures,5.597570462602831,True,7,7,0.3706609054221973,0.44313105628479144
Carol,508,Alpha,384,False,high_rmse,megaloc,5.506273108338234,True,34,22,0.3687435012795207,0.43790804755686896
Carol,514,Bob,313,False,high_rmse,mapclosures,2.952751897360385,True,13,12,0.37381547935429515,0.40100081146875843
Carol,516,Alpha,386,False,high_rmse,mapclosures,8.10351110921146,True,9,9,0.3661035435105287,0.46627739141844904
Carol,517,Alpha,384,False,high_rmse,megaloc,8.659851251720477,True,22,16,0.36952927037106215,0.43926211813959576
Carol,520,Bob,317,False,high_rmse,megaloc+mapclosures,5.645014842148334,True,9,9,0.36645428196168284,0.4205867149134143
Carol,522,Bob,322,False,high_rmse,mapclosures,4.677741140312694,True,8,8,0.366823432016474,0.47321717727832113
Carol,525,Alpha,392,False,high_rmse,mapclosures,5.1648218008347495,True,11,9,0.366664032496699,0.43827971109652003
Carol,530,Bob,321,False,high_rmse,mapclosures,1.6629261907571813,True,11,10,0.37001070883766524,0.4741183347405339
Carol,531,Bob,322,False,high_rmse,mapclosures,2.0052400087377524,True,16,14,0.36977008872003786,0.4938106625404417
Carol,532,Bob,321,False,high_rmse,mapclosures,1.6709979479498192,True,13,11,0.35115246567566266,0.5403351652079517
Carol,534,Carol,455,False,low_overlap,megaloc,16.398730102931104,False,25,8,0.38665579243148146,0.19660172582510452
Carol,535,Carol,454,False,mapclosures_no_pose,megaloc,15.716347313873333,False,18,5,,
Carol,536,Carol,455,False,low_overlap,megaloc,16.39687353789035,False,23,10,0.385133951716838,0.19624588559736678
Carol,536,Bob,316,False,high_rmse,mapclosures,2.123065955071583,True,6,6,0.38230135681872285,0.3388828768833763
Carol,537,Bob,336,True,accepted,mapclosures,2.004565062242573,True,6,6,0.30931421116657726,0.45423423423423426
Carol,538,Carol,483,False,low_overlap,megaloc,16.582899450563634,False,11,6,0.37649686606832333,0.19630464954892435
Carol,539,Carol,482,False,low_overlap,megaloc,16.12547030027959,False,26,11,0.38138075293418655,0.19230097765363127
Carol,540,Carol,454,False,mapclosures_no_pose,megaloc,15.714924683823083,False,11,3,,
Carol,541,Carol,454,False,mapclosures_no_pose,megaloc,15.714977280137818,False,13,4,,
Carol,541,Alpha,396,False,high_rmse,mapclosures,3.938745642076878,True,6,6,0.35773168345016904,0.30545836249125263
